,P. Kur,Ilwaki,Larat,Adault/Lingat,P. Leti,Saumlaki,Kaisui,Dawera / Dawelor,Dobo.1,Kisar,Namrole.1,Dobo.2,Tabarfane,Makassar,Arwala/ Sutilirang,Weduar,Kasiui,Elat,Tanjung Perak,Tam,Molu,Eray,Wamsisi,Kelang,Wunlah,P. Geser,Tutukembong,Dobo,Werinama,Kelimuri,Waemulang,Kisar.1,Bebar,Namlea.1,Marlasi,Tepa,Kisar 1,Lelang,P. Tior,Namrole,Banda Eli,Longgar,Moa,Kelimoi,P. Manawoka,Namlea,Manipa,Kaimer,Toyando,Mangur,Lewa/Dai,Seira,Sofyanin/Rumayaan,P. Kesui,Gorom,Banda Neira,Geser,Rumean,Banda Neira.1,Taniwel,Tifu,Moa.1,Nila,Marlasi.1,Jerol,Kobisadar,Werinama.2,Adault / Lingat,Lelam Kojabi,Dawera/Dawelor,Wahai,Ambalau,Tual,Mun,Buano,Kroing,Kisar1,Fadol,Sofyanin/ Rumayaan,Romang,Marsela,Serua,Amahai,Holat,P.Geser,Teon,Ambon,Nurkat,Saumlaki.1,Tanjung Priok,P. Luang,Arwala/Sutilirang,Fogi,Wulur,Kailakat,Werinama.1,Benjina,Meror,Bula,Lewa / Dai,Leksula,Lakor
P. Kur,,,,,,,,,,,,,,,,,,,,,,,,,,,,,,,,,,,,,,,,,,,,,,,,,,,,,,,,,,,,,,,,,,,,,,,,,,,,,,,,,,,,,,,,,,,,,,,,,,,,,,
Ilwaki,,,,,,,,,,,,,,,,,,,,,,,,,,,,,,,,,,,,,,,,,,,,,,,,,,,,,,,,,,,,,,,,,,,,,,,,,,,,,,,,,,,,,,,,,,,,,,,,,,,,,,
Larat,,,,,,,,,,,,,,,,,,,,,,,,,,,,,,,,,,,,,,,,,,,,,,,,,,,,,,,,,,,,,,,,,,,,,,,,,,,,,,,,,,,,,,,,,,,,,,,,,,,,,,
Adault/Lingat,,,,,,,,,,,,,,,,,,,,,,,,,,,,,,,,,,,,,,,,,,,,,,,,,,,,,,,,,,,,,,,,,,,,,,,,,,,,,,,,,,,,,,,,,,,,,,,,,,,,,,
P. Leti,,,,,,,,,,,,,,,,,,,,,,,,,,,,,,,,,,,,,,,,,,,,,,,,,,,,,,,,,,,,,,,,,,,,,,,,,,,,,,,,,,,,,,,,,,,,,,,,,,,,,,
Saumlaki,42201.48,60612.91,19032.04,,45097.66,,49235.06,16135.86,,,,,42822.090000000004,,55648.03,35788.51,,37443.47,,35995.38,23376.31,67646.49,76335.03,75921.29000000001,15515.25,,9309.15,,61647.26,57302.99,86678.53,,34961.03,,56475.51,21307.61,51096.89,29168.670000000002,47166.36,,41580.87,42822.090000000004,,59164.82,53993.07,,75093.81,43442.700000000004,35374.770000000004,39098.43,,9102.28,,48200.71,53786.200000000004,,54820.55,16963.34,,87919.75,81920.52,,27513.71,,40753.39,104676.22,,6206.1,57302.99,,100952.56,72818.24,,39719.04,80679.3,17790.82,,40960.26,17377.08,48200.71,17583.95,27720.58,66405.27,33306.07,,29582.41,,22962.57,,,31857.98,,90609.06,34547.29,50269.41,,44890.79,40960.26,67025.88,20893.87,85023.57,38684.69
Kaisui,,,,,,,,,,,,,,,,,,,,,,,,,,,,,,,,,,,,,,,,,,,,,,,,,,,,,,,,,,,,,,,,,,,,,,,,,,,,,,,,,,,,,,,,,,,,,,,,,,,,,,
Dawera / Dawelor,,,,,,,,,,,,,,,,,,,,,,,,,,,,,,,,,,,,,,,,,,,,,,,,,,,,,,,,,,,,,,,,,,,,,,,,,,,,,,,,,,,,,,,,,,,,,,,,,,,,,,
Dobo.1,,,,,,,,,,,,,,,,,,,,,,,,,,,,,,,,,,,,,,,,,,,,,,,,,,,,,,,,,,,,,,,,,,,,,,,,,,,,,,,,,,,,,,,,,,,,,,,,,,,,,,
Kisar,69508.32,9309.15,58337.340000000004,,6412.97,,71577.02,36409.12,,,,,91229.67,,6412.97,77576.25,,79231.21,,71163.28,57509.86,19238.91,53372.46,60199.17,54406.81,,62474.74,,68267.1,69508.32,56682.380000000005,,24410.66,,107986.14,31030.5,7861.06,22135.09,70749.54000000001,,93298.37,93918.98,,75714.42,72197.63,,58751.08,70542.67,70956.41,68060.23,,48821.32,,70749.54000000001,74059.46,,71370.15000000001,60612.91,,73231.98,53579.33,,34133.55,,89160.97,90402.19,,48407.58,109020.49,,86471.66,52338.11,,81713.65000000001,65991.53,34754.16,,68473.97,61233.520000000004,6826.71,35374.770000000004,42408.35,63509.090000000004,72818.24,,29168.670000000002,,55441.16,,,19032.04,,60199.17,23376.31,71370.15000000001,,92057.15000000001,92057.15000000001,83161.74,33512.94,55441.16,13239.68
Namrole.1,,,,,,,,,,,,,,,,,,,,,,,,,,,,,,,,,,,,,,,,,,,,,,,,,,,,,,,,,,,,,,,,,,,,,,,,,,,,,,,,,,,,,,,,,,,,,,,,,,,,,,
Dobo.2,,,,,,,,,,,,,,,,,,,,,,,,,,,,,,,,,,,,,,,,,,,,,,,,,,,,,,,,,,,,,,,,,,,,,,,,,,,,,,,,,,,,,,,,,,,,,,,,,,,,,,
Tabarfane,,,,,,,,,,,,,,,,,,,,,,,,,,,,,,,,,,,,,,,,,,,,,,,,,,,,,,,,,,,,,,,,,,,,,,,,,,,,,,,,,,,,,,,,,,,,,,,,,,,,,,
Makassar,,,,,,3021680.2,,,3835034.72,1976587.8,,,,,,,,,,,,,,,,,,3835034.72,,,,,,,,,,,,2017482.72,,,2158343.0,,,2335554.32,,,,,,,,,,2685433.08,,,,,,,,,,,,,,,,,3448804.92,,,,,,,,,,,,,,2435519.68,,3021680.2,,,,,,,,,,,,,
Arwala/ Sutilirang,,,,,,,,,,,,,,,,,,,,,,,,,,,,,,,,,,,,,,,,,,,,,,,,,,,,,,,,,,,,,,,,,,,,,,,,,,,,,,,,,,,,,,,,,,,,,,,,,,,,,,
Weduar,,,,,,,,,,,,,,,,,,,,,,,,,,,,,,,,,,,,,,,,,,,,,,,,,,,,,,,,,,,,,,,,,,,,,,,,,,,,,,,,,,,,,,,,,,,,,,,,,,,,,,
Kasiui,,,,,,,,,,,,,,,,,,,,,,,,,,,,,,,,,,,,,,,,,,,,,,,,,,,,,,,,,,,,,,,,,,,,,,,,,,,,,,,,,,,,,,,,,,,,,,,,,,,,,,
Elat,,,,,,,,,,,,,,,,,,,,,,,,,,,,,,,,,,,,,,,,,,,,,,,,,,,,,,,,,,,,,,,,,,,,,,,,,,,,,,,,,,,,,,,,,,,,,,,,,,,,,,
Tanjung Perak,,,,,,5048250.68,,,5861605.2,4003158.2800000003,,,,2026570.48,,,,,,,,,,,,,,5861605.2,,,,,,,,,,,,4044053.2,,,4184913.48,,,4362124.8,,,,,,,,,,4712003.5600000005,,,,,,,,,,,,,,,,,5475375.4,,,,,,,,,,,,,,4462090.16,,5048250.68,,,,,,,,,,,,,
Tam,,,,,,,,,,,,,,,,,,,,,,,,,,,,,,,,,,,,,,,,,,,,,,,,,,,,,,,,,,,,,,,,,,,,,,,,,,,,,,,,,,,,,,,,,,,,,,,,,,,,,,
Molu,,,,,,,,,,,,,,,,,,,,,,,,,,,,,,,,,,,,,,,,,,,,,,,,,,,,,,,,,,,,,,,,,,,,,,,,,,,,,,,,,,,,,,,,,,,,,,,,,,,,,,
Eray,,,,,,,,,,,,,,,,,,,,,,,,,,,,,,,,,,,,,,,,,,,,,,,,,,,,,,,,,,,,,,,,,,,,,,,,,,,,,,,,,,,,,,,,,,,,,,,,,,,,,,
Wamsisi,,,,,,,,,,,,,,,,,,,,,,,,,,,,,,,,,,,,,,,,,,,,,,,,,,,,,,,,,,,,,,,,,,,,,,,,,,,,,,,,,,,,,,,,,,,,,,,,,,,,,,
Kelang,,,,,,,,,,,,,,,,,,,,,,,,,,,,,,,,,,,,,,,,,,,,,,,,,,,,,,,,,,,,,,,,,,,,,,,,,,,,,,,,,,,,,,,,,,,,,,,,,,,,,,
Wunlah,,,,,,,,,,,,,,,,,,,,,,,,,,,,,,,,,,,,,,,,,,,,,,,,,,,,,,,,,,,,,,,,,,,,,,,,,,,,,,,,,,,,,,,,,,,,,,,,,,,,,,
P. Geser,,,,,,,,,,,,,,,,,,,,,,,,,,,,,,,,,,,,,,,,,,,,,,,,,,,,,,,,,,,,,,,,,,,,,,,,,,,,,,,,,,,,,,,,,,,,,,,,,,,,,,
Tutukembong,,,,,,,,,,,,,,,,,,,,,,,,,,,,,,,,,,,,,,,,,,,,,,,,,,,,,,,,,,,,,,,,,,,,,,,,,,,,,,,,,,,,,,,,,,,,,,,,,,,,,,
Dobo,29168.670000000002,100331.95,35581.64,,86264.79000000001,,35374.770000000004,57509.86,,,,,6206.1,,94746.46,21928.22,,20066.39,,26479.36,34961.03,105503.7,93918.98,91850.28,40132.78,,38477.82,,60406.04,53165.590000000004,104055.61,,70749.54000000001,,11584.720000000001,63095.35,92264.02,76335.03,33512.94,,14067.16,21721.350000000002,,51924.37,40960.26,,91022.8,29168.670000000002,26686.23,30203.02,,46545.75,,34340.42,40546.520000000004,,47373.23,33099.2,,104469.35,99504.47,,59578.56,,9516.02,68267.1,,51924.37,21100.74,,72197.63,90195.32,,17790.82,96608.29000000001,60199.17,,29375.54,32271.72,87299.14,62061.0,53165.590000000004,72818.24,21721.350000000002,,64543.44,,37236.6,,,76128.16,,107986.14,70956.41,36615.99,,3930.53,19652.65,59992.3,60406.04,102400.65000000001,81506.78
Werinama,,,,,,,,,,,,,,,,,,,,,,,,,,,,,,,,,,,,,,,,,,,,,,,,,,,,,,,,,,,,,,,,,,,,,,,,,,,,,,,,,,,,,,,,,,,,,,,,,,,,,,
Kelimuri,,,,,,,,,,,,,,,,,,,,,,,,,,,,,,,,,,,,,,,,,,,,,,,,,,,,,,,,,,,,,,,,,,,,,,,,,,,,,,,,,,,,,,,,,,,,,,,,,,,,,,
Waemulang,,,,,,,,,,,,,,,,,,,,,,,,,,,,,,,,,,,,,,,,,,,,,,,,,,,,,,,,,,,,,,,,,,,,,,,,,,,,,,,,,,,,,,,,,,,,,,,,,,,,,,
Kisar.1,,,,,,,,,,,,,,,,,,,,,,,,,,,,,,,,,,,,,,,,,,,,,,,,,,,,,,,,,,,,,,,,,,,,,,,,,,,,,,,,,,,,,,,,,,,,,,,,,,,,,,
Bebar,,,,,,,,,,,,,,,,,,,,,,,,,,,,,,,,,,,,,,,,,,,,,,,,,,,,,,,,,,,,,,,,,,,,,,,,,,,,,,,,,,,,,,,,,,,,,,,,,,,,,,
Namlea.1,,,,,,,,,,,,,,,,,,,,,,,,,,,,,,,,,,,,,,,,,,,,,,,,,,,,,,,,,,,,,,,,,,,,,,,,,,,,,,,,,,,,,,,,,,,,,,,,,,,,,,
Marlasi,,,,,,,,,,,,,,,,,,,,,,,,,,,,,,,,,,,,,,,,,,,,,,,,,,,,,,,,,,,,,,,,,,,,,,,,,,,,,,,,,,,,,,,,,,,,,,,,,,,,,,
Tepa,,,,,,,,,,,,,,,,,,,,,,,,,,,,,,,,,,,,,,,,,,,,,,,,,,,,,,,,,,,,,,,,,,,,,,,,,,,,,,,,,,,,,,,,,,,,,,,,,,,,,,
Kisar 1,,,,,,,,,,,,,,,,,,,,,,,,,,,,,,,,,,,,,,,,,,,,,,,,,,,,,,,,,,,,,,,,,,,,,,,,,,,,,,,,,,,,,,,,,,,,,,,,,,,,,,
Lelang,,,,,,,,,,,,,,,,,,,,,,,,,,,,,,,,,,,,,,,,,,,,,,,,,,,,,,,,,,,,,,,,,,,,,,,,,,,,,,,,,,,,,,,,,,,,,,,,,,,,,,
P. Tior,,,,,,,,,,,,,,,,,,,,,,,,,,,,,,,,,,,,,,,,,,,,,,,,,,,,,,,,,,,,,,,,,,,,,,,,,,,,,,,,,,,,,,,,,,,,,,,,,,,,,,
Namrole,67646.49,55854.9,74059.46,,57716.73,,61854.130000000005,66819.01,,,,,97642.64,,47993.840000000004,81920.52,,80886.17,,71990.76,69508.32,48614.450000000004,2689.31,19032.04,72611.37,,84402.96,,40753.39,46338.880000000005,7240.45,,48407.58,,102400.65000000001,62267.87,54199.94,68887.71,62681.61,,83368.61,112330.41,,56061.770000000004,57302.99,,16135.86,67232.75,72404.5,68473.97,,73645.72,,62061.0,58337.340000000004,,51717.5,76128.16,,27513.71,2896.1800000000003,,50476.28,,100745.69,44477.05,,75714.42,113571.63,,40339.65,9309.15,,80472.43000000001,24203.79,65164.05,,67439.62,76335.03,49855.67,67232.75,50683.15,31237.37,76541.90000000001,,50269.41,,69715.19,,,65784.66,,11377.85,49441.93,60406.04,,97849.51000000001,110468.58,52544.98,62474.74,5999.2300000000005,61233.520000000004
Banda Eli,,,,,,,,,,,,,,,,,,,,,,,,,,,,,,,,,,,,,,,,,,,,,,,,,,,,,,,,,,,,,,,,,,,,,,,,,,,,,,,,,,,,,,,,,,,,,,,,,,,,,,
Longgar,,,,,,,,,,,,,,,,,,,,,,,,,,,,,,,,,,,,,,,,,,,,,,,,,,,,,,,,,,,,,,,,,,,,,,,,,,,,,,,,,,,,,,,,,,,,,,,,,,,,,,
Moa,62681.61,17790.82,49855.67,,2275.57,,67025.88,26272.49,,,,,81299.91,,13446.550000000001,70335.8,,71990.76,,63509.090000000004,50890.020000000004,25031.27,56682.380000000005,59785.43,45304.53,,52131.24,,63509.090000000004,63302.22,67025.88,,16756.47,,106538.05,21721.350000000002,8481.67,13653.42,67439.62,,76128.16,84196.09,,68887.71,65370.92,,58957.950000000004,63922.83,63302.22,60199.17,,40132.78,,66819.01,67025.88,,64543.44,51924.37,,71990.76,62267.87,,26479.36,,79851.82,85023.57,,37443.47,99504.47,,84816.7,52958.72,,74266.33,64957.18,25238.14,,61647.26,52544.98,7861.06,25031.27,34961.03,60406.04,66198.4,,21514.48,,47993.840000000004,,,10757.24,,70956.41,15515.25,65991.53,,83575.48,82748.0,76748.77,23790.05,65577.79000000001,4758.01
Kelimoi,,,,,,,,,,,,,,,,,,,,,,,,,,,,,,,,,,,,,,,,,,,,,,,,,,,,,,,,,,,,,,,,,,,,,,,,,,,,,,,,,,,,,,,,,,,,,,,,,,,,,,
P. Manawoka,,,,,,,,,,,,,,,,,,,,,,,,,,,,,,,,,,,,,,,,,,,,,,,,,,,,,,,,,,,,,,,,,,,,,,,,,,,,,,,,,,,,,,,,,,,,,,,,,,,,,,
Namlea,67646.49,66612.14,75093.81,,62267.87,,60199.17,71577.02,,,,,95780.81,,58957.950000000004,82334.26,,84196.09,,72404.5,70335.8,60199.17,10757.24,7447.32,74680.07,,91229.67,,38684.69,44270.18,21721.350000000002,,55234.29,,105710.57,72818.24,64957.18,67853.36,62267.87,,91022.8,103641.87,,51924.37,55648.03,,5999.2300000000005,66612.14,72611.37,69301.45,,77576.25,,61233.520000000004,56889.25,,49855.67,77369.38,,19238.91,16963.34,,53993.07,,96401.42,36409.12,,87919.75,116674.68000000001,,32064.850000000002,8895.41,,86471.66,11584.720000000001,73025.11,,67853.36,77989.99,61440.39,75714.42,54199.94,30203.02,75714.42,,61026.65,,70956.41,,,65577.79000000001,,25651.88,56268.64,58957.950000000004,,97228.90000000001,101986.91,43856.44,68680.84,20066.39,64336.57
Manipa,,,,,,,,,,,,,,,,,,,,,,,,,,,,,,,,,,,,,,,,,,,,,,,,,,,,,,,,,,,,,,,,,,,,,,,,,,,,,,,,,,,,,,,,,,,,,,,,,,,,,,
Kaimer,,,,,,,,,,,,,,,,,,,,,,,,,,,,,,,,,,,,,,,,,,,,,,,,,,,,,,,,,,,,,,,,,,,,,,,,,,,,,,,,,,,,,,,,,,,,,,,,,,,,,,
Toyando,,,,,,,,,,,,,,,,,,,,,,,,,,,,,,,,,,,,,,,,,,,,,,,,,,,,,,,,,,,,,,,,,,,,,,,,,,,,,,,,,,,,,,,,,,,,,,,,,,,,,,
Mangur,,,,,,,,,,,,,,,,,,,,,,,,,,,,,,,,,,,,,,,,,,,,,,,,,,,,,,,,,,,,,,,,,,,,,,,,,,,,,,,,,,,,,,,,,,,,,,,,,,,,,,
Lewa/Dai,,,,,,,,,,,,,,,,,,,,,,,,,,,,,,,,,,,,,,,,,,,,,,,,,,,,,,,,,,,,,,,,,,,,,,,,,,,,,,,,,,,,,,,,,,,,,,,,,,,,,,
Seira,,,,,,,,,,,,,,,,,,,,,,,,,,,,,,,,,,,,,,,,,,,,,,,,,,,,,,,,,,,,,,,,,,,,,,,,,,,,,,,,,,,,,,,,,,,,,,,,,,,,,,
Sofyanin/Rumayaan,,,,,,,,,,,,,,,,,,,,,,,,,,,,,,,,,,,,,,,,,,,,,,,,,,,,,,,,,,,,,,,,,,,,,,,,,,,,,,,,,,,,,,,,,,,,,,,,,,,,,,
P. Kesui,,,,,,,,,,,,,,,,,,,,,,,,,,,,,,,,,,,,,,,,,,,,,,,,,,,,,,,,,,,,,,,,,,,,,,,,,,,,,,,,,,,,,,,,,,,,,,,,,,,,,,
Gorom,,,,,,,,,,,,,,,,,,,,,,,,,,,,,,,,,,,,,,,,,,,,,,,,,,,,,,,,,,,,,,,,,,,,,,,,,,,,,,,,,,,,,,,,,,,,,,,,,,,,,,
Banda Neira,27099.97,60819.78,39305.3,,52958.72,,21514.48,42408.35,,,,,57716.73,,54406.81,41994.61,,40960.26,,32271.72,33306.07,63095.35,37443.47,34547.29,39098.43,,49028.19,,13653.42,12412.2,47786.97,,35995.38,,62474.74,40960.26,56061.770000000004,47580.1,22755.7,,44683.92,70956.41,,18411.43,18204.56,,34133.55,27099.97,32478.59,28961.8,,42615.22,,22135.09,19652.65,,14480.9,41374.0,,47786.97,43028.96,,27720.58,,60612.91,34133.55,,47166.36,71783.89,,38064.08,33926.68,,40546.520000000004,40339.65,41994.61,,27513.71,41580.87,49028.19,44063.31,21721.350000000002,19238.91,37029.73,,31857.98,,34961.03,,,50062.54,,51717.5,35581.64,20687.0,,58130.47,69094.58,26272.49,37236.6,46132.01,50269.41
Geser,,,,,,,,,,,,,,,,,,,,,,,,,,,,,,,,,,,,,,,,,,,,,,,,,,,,,,,,,,,,,,,,,,,,,,,,,,,,,,,,,,,,,,,,,,,,,,,,,,,,,,
Rumean,,,,,,,,,,,,,,,,,,,,,,,,,,,,,,,,,,,,,,,,,,,,,,,,,,,,,,,,,,,,,,,,,,,,,,,,,,,,,,,,,,,,,,,,,,,,,,,,,,,,,,
Banda Neira.1,,,,,,,,,,,,,,,,,,,,,,,,,,,,,,,,,,,,,,,,,,,,,,,,,,,,,,,,,,,,,,,,,,,,,,,,,,,,,,,,,,,,,,,,,,,,,,,,,,,,,,
Taniwel,,,,,,,,,,,,,,,,,,,,,,,,,,,,,,,,,,,,,,,,,,,,,,,,,,,,,,,,,,,,,,,,,,,,,,,,,,,,,,,,,,,,,,,,,,,,,,,,,,,,,,
Tifu,,,,,,,,,,,,,,,,,,,,,,,,,,,,,,,,,,,,,,,,,,,,,,,,,,,,,,,,,,,,,,,,,,,,,,,,,,,,,,,,,,,,,,,,,,,,,,,,,,,,,,
Moa.1,,,,,,,,,,,,,,,,,,,,,,,,,,,,,,,,,,,,,,,,,,,,,,,,,,,,,,,,,,,,,,,,,,,,,,,,,,,,,,,,,,,,,,,,,,,,,,,,,,,,,,
Nila,,,,,,,,,,,,,,,,,,,,,,,,,,,,,,,,,,,,,,,,,,,,,,,,,,,,,,,,,,,,,,,,,,,,,,,,,,,,,,,,,,,,,,,,,,,,,,,,,,,,,,
Marlasi.1,,,,,,,,,,,,,,,,,,,,,,,,,,,,,,,,,,,,,,,,,,,,,,,,,,,,,,,,,,,,,,,,,,,,,,,,,,,,,,,,,,,,,,,,,,,,,,,,,,,,,,
Jerol,,,,,,,,,,,,,,,,,,,,,,,,,,,,,,,,,,,,,,,,,,,,,,,,,,,,,,,,,,,,,,,,,,,,,,,,,,,,,,,,,,,,,,,,,,,,,,,,,,,,,,
Kobisadar,,,,,,,,,,,,,,,,,,,,,,,,,,,,,,,,,,,,,,,,,,,,,,,,,,,,,,,,,,,,,,,,,,,,,,,,,,,,,,,,,,,,,,,,,,,,,,,,,,,,,,
Werinama.2,,,,,,,,,,,,,,,,,,,,,,,,,,,,,,,,,,,,,,,,,,,,,,,,,,,,,,,,,,,,,,,,,,,,,,,,,,,,,,,,,,,,,,,,,,,,,,,,,,,,,,
Adault / Lingat,,,,,,,,,,,,,,,,,,,,,,,,,,,,,,,,,,,,,,,,,,,,,,,,,,,,,,,,,,,,,,,,,,,,,,,,,,,,,,,,,,,,,,,,,,,,,,,,,,,,,,
Lelam Kojabi,,,,,,,,,,,,,,,,,,,,,,,,,,,,,,,,,,,,,,,,,,,,,,,,,,,,,,,,,,,,,,,,,,,,,,,,,,,,,,,,,,,,,,,,,,,,,,,,,,,,,,
Dawera/Dawelor,,,,,,,,,,,,,,,,,,,,,,,,,,,,,,,,,,,,,,,,,,,,,,,,,,,,,,,,,,,,,,,,,,,,,,,,,,,,,,,,,,,,,,,,,,,,,,,,,,,,,,
Wahai,,,,,,,,,,,,,,,,,,,,,,,,,,,,,,,,,,,,,,,,,,,,,,,,,,,,,,,,,,,,,,,,,,,,,,,,,,,,,,,,,,,,,,,,,,,,,,,,,,,,,,
Ambalau,,,,,,,,,,,,,,,,,,,,,,,,,,,,,,,,,,,,,,,,,,,,,,,,,,,,,,,,,,,,,,,,,,,,,,,,,,,,,,,,,,,,,,,,,,,,,,,,,,,,,,
Tual,10136.630000000001,84196.09,23996.920000000002,,71163.28,,20273.260000000002,44477.05,,,,,25651.88,,78610.6,5378.62,,4551.14,,5585.49,21514.48,88747.23,75507.55,72404.5,27927.45,,28754.93,,44063.31,37236.6,86264.79000000001,,54406.81,,26479.36,49855.67,76748.77,58957.950000000004,17790.82,,9722.89,32892.33,,36615.99,26686.23,,71990.76,11170.98,5792.360000000001,9929.76,,34340.42,,19032.04,26479.36,,32271.72,22341.96,,85230.44,81713.65000000001,,42822.090000000004,,25031.27,52544.98,,43028.96,48200.71,,56475.51,71783.89,,5171.75,77783.12,47373.23,,10136.630000000001,21307.61,71370.15000000001,49028.19,35374.770000000004,55027.42,4551.14,,48200.71,,24410.66,,,60819.78,,90195.32,54406.81,21928.22,,24410.66,31237.37,44270.18,46545.75,84609.83,66405.27
Mun,,,,,,,,,,,,,,,,,,,,,,,,,,,,,,,,,,,,,,,,,,,,,,,,,,,,,,,,,,,,,,,,,,,,,,,,,,,,,,,,,,,,,,,,,,,,,,,,,,,,,,
Buano,,,,,,,,,,,,,,,,,,,,,,,,,,,,,,,,,,,,,,,,,,,,,,,,,,,,,,,,,,,,,,,,,,,,,,,,,,,,,,,,,,,,,,,,,,,,,,,,,,,,,,
Kroing,,,,,,,,,,,,,,,,,,,,,,,,,,,,,,,,,,,,,,,,,,,,,,,,,,,,,,,,,,,,,,,,,,,,,,,,,,,,,,,,,,,,,,,,,,,,,,,,,,,,,,
Kisar1,,,,,,,,,,,,,,,,,,,,,,,,,,,,,,,,,,,,,,,,,,,,,,,,,,,,,,,,,,,,,,,,,,,,,,,,,,,,,,,,,,,,,,,,,,,,,,,,,,,,,,
Fadol,,,,,,,,,,,,,,,,,,,,,,,,,,,,,,,,,,,,,,,,,,,,,,,,,,,,,,,,,,,,,,,,,,,,,,,,,,,,,,,,,,,,,,,,,,,,,,,,,,,,,,
Sofyanin/ Rumayaan,,,,,,,,,,,,,,,,,,,,,,,,,,,,,,,,,,,,,,,,,,,,,,,,,,,,,,,,,,,,,,,,,,,,,,,,,,,,,,,,,,,,,,,,,,,,,,,,,,,,,,
Romang,,,,,,,,,,,,,,,,,,,,,,,,,,,,,,,,,,,,,,,,,,,,,,,,,,,,,,,,,,,,,,,,,,,,,,,,,,,,,,,,,,,,,,,,,,,,,,,,,,,,,,
Marsela,,,,,,,,,,,,,,,,,,,,,,,,,,,,,,,,,,,,,,,,,,,,,,,,,,,,,,,,,,,,,,,,,,,,,,,,,,,,,,,,,,,,,,,,,,,,,,,,,,,,,,
Serua,,,,,,,,,,,,,,,,,,,,,,,,,,,,,,,,,,,,,,,,,,,,,,,,,,,,,,,,,,,,,,,,,,,,,,,,,,,,,,,,,,,,,,,,,,,,,,,,,,,,,,
Amahai,,,,,,,,,,,,,,,,,,,,,,,,,,,,,,,,,,,,,,,,,,,,,,,,,,,,,,,,,,,,,,,,,,,,,,,,,,,,,,,,,,,,,,,,,,,,,,,,,,,,,,
Holat,,,,,,,,,,,,,,,,,,,,,,,,,,,,,,,,,,,,,,,,,,,,,,,,,,,,,,,,,,,,,,,,,,,,,,,,,,,,,,,,,,,,,,,,,,,,,,,,,,,,,,
P.Geser,,,,,,,,,,,,,,,,,,,,,,,,,,,,,,,,,,,,,,,,,,,,,,,,,,,,,,,,,,,,,,,,,,,,,,,,,,,,,,,,,,,,,,,,,,,,,,,,,,,,,,
Teon,,,,,,,,,,,,,,,,,,,,,,,,,,,,,,,,,,,,,,,,,,,,,,,,,,,,,,,,,,,,,,,,,,,,,,,,,,,,,,,,,,,,,,,,,,,,,,,,,,,,,,
Ambon,55027.42,60819.78,65784.66,,55854.9,,47166.36,62888.48,,,,,84402.96,,52338.11,69922.06,,68473.97,,59578.56,62267.87,59992.3,15101.51,11170.98,65370.92,,77989.99,,26272.49,31857.98,26065.62,,44063.31,,98263.25,59371.69,56889.25,59578.56,51096.89,,70542.67,93298.37,,42408.35,43649.57,,10550.37,54199.94,60199.17,56475.51,,62888.48,,49235.06,44683.92,,37650.340000000004,68060.23,,23996.920000000002,21100.74,,43442.700000000004,,85437.31,40960.26,,67853.36,109020.49,,36615.99,11584.720000000001,,67646.49,16549.6,62267.87,,55027.42,68267.1,49028.19,64957.18,41167.13,17997.69,64336.57,,43442.700000000004,,62681.61,,,57302.99,,29996.15,45097.66,47373.23,,88747.23,91022.8,48821.32,58544.21,24203.79,57302.99
Nurkat,,,,,,,,,,,,,,,,,,,,,,,,,,,,,,,,,,,,,,,,,,,,,,,,,,,,,,,,,,,,,,,,,,,,,,,,,,,,,,,,,,,,,,,,,,,,,,,,,,,,,,
Saumlaki.1,,,,,,,,,,,,,,,,,,,,,,,,,,,,,,,,,,,,,,,,,,,,,,,,,,,,,,,,,,,,,,,,,,,,,,,,,,,,,,,,,,,,,,,,,,,,,,,,,,,,,,
Tanjung Priok,,,,,,,,,7497402.0,,,,,3662367.2800000003,,,,,1635796.8,,,,,,,,,,,,,,,,,,,,,,,,,,,,,,,,,,,,,6347800.36,,,,,,,,,,,,,,,,,7111172.2,,,,,,,,,,,,,,6097886.96,,6684047.48,,,,,,,,,,,,,
P. Luang,,,,,,,,,,,,,,,,,,,,,,,,,,,,,,,,,,,,,,,,,,,,,,,,,,,,,,,,,,,,,,,,,,,,,,,,,,,,,,,,,,,,,,,,,,,,,,,,,,,,,,
Arwala/Sutilirang,,,,,,,,,,,,,,,,,,,,,,,,,,,,,,,,,,,,,,,,,,,,,,,,,,,,,,,,,,,,,,,,,,,,,,,,,,,,,,,,,,,,,,,,,,,,,,,,,,,,,,
Fogi,,,,,,,,,,,,,,,,,,,,,,,,,,,,,,,,,,,,,,,,,,,,,,,,,,,,,,,,,,,,,,,,,,,,,,,,,,,,,,,,,,,,,,,,,,,,,,,,,,,,,,
Wulur,,,,,,,,,,,,,,,,,,,,,,,,,,,,,,,,,,,,,,,,,,,,,,,,,,,,,,,,,,,,,,,,,,,,,,,,,,,,,,,,,,,,,,,,,,,,,,,,,,,,,,
Kailakat,,,,,,,,,,,,,,,,,,,,,,,,,,,,,,,,,,,,,,,,,,,,,,,,,,,,,,,,,,,,,,,,,,,,,,,,,,,,,,,,,,,,,,,,,,,,,,,,,,,,,,
Werinama.1,,,,,,,,,,,,,,,,,,,,,,,,,,,,,,,,,,,,,,,,,,,,,,,,,,,,,,,,,,,,,,,,,,,,,,,,,,,,,,,,,,,,,,,,,,,,,,,,,,,,,,
Benjina,,,,,,,,,,,,,,,,,,,,,,,,,,,,,,,,,,,,,,,,,,,,,,,,,,,,,,,,,,,,,,,,,,,,,,,,,,,,,,,,,,,,,,,,,,,,,,,,,,,,,,
Meror,,,,,,,,,,,,,,,,,,,,,,,,,,,,,,,,,,,,,,,,,,,,,,,,,,,,,,,,,,,,,,,,,,,,,,,,,,,,,,,,,,,,,,,,,,,,,,,,,,,,,,
Bula,,,,,,,,,,,,,,,,,,,,,,,,,,,,,,,,,,,,,,,,,,,,,,,,,,,,,,,,,,,,,,,,,,,,,,,,,,,,,,,,,,,,,,,,,,,,,,,,,,,,,,
Lewa / Dai,,,,,,,,,,,,,,,,,,,,,,,,,,,,,,,,,,,,,,,,,,,,,,,,,,,,,,,,,,,,,,,,,,,,,,,,,,,,,,,,,,,,,,,,,,,,,,,,,,,,,,
Leksula,,,,,,,,,,,,,,,,,,,,,,,,,,,,,,,,,,,,,,,,,,,,,,,,,,,,,,,,,,,,,,,,,,,,,,,,,,,,,,,,,,,,,,,,,,,,,,,,,,,,,,
Lakor,,,,,,,,,,,,,,,,,,,,,,,,,,,,,,,,,,,,,,,,,,,,,,,,,,,,,,,,,,,,,,,,,,,,,,,,,,,,,,,,,,,,,,,,,,,,,,,,,,,,,,
